Model,Best Params,Train Accuracy,Train Balanced Accuracy,Train Precision,Train Recall,Train F1 Score,Train MCC,Train AUC,Test Accuracy,Test Balanced Accuracy,Test Precision,Test Recall,Test F1 Score,Test MCC,Test AUC
Logistic Regression,"{'solver': 'liblinear', 'penalty': 'l2', 'max_iter': 100, 'C': 1}",0.9445585437564856,0.7945861348390534,0.920958904109589,0.5962749445676275,0.7238761776581427,0.7149335901324774,0.9824352676233756,0.9455638187478381,0.8000643429011136,0.9180064308681672,0.6076622915927634,0.7312700106723586,0.7209054643285105,0.9829502228875334
Random Forest,"{'n_estimators': 100, 'min_samples_split': 2, 'min_samples_leaf': 2, 'max_depth': 20, 'bootstrap': True}",0.8962188689034936,0.5742350332594235,1.0,0.148470066518847,0.25855278399876436,0.3643867765315088,0.9969151670782762,0.8936786579038395,0.563852429939695,1.0,0.12770485987938984,0.22648631645171438,0.3375091419658312,0.9942588322932858
Gradient Boosting,"{'n_estimators': 100, 'min_samples_split': 2, 'min_samples_leaf': 1, 'max_depth': 5, 'learning_rate': 0.2}",0.99961086129367,0.9989000315438497,0.9988459831335996,0.997960088691796,0.9984028393966282,0.9981814065511508,0.999997820835028,0.9952006226219301,0.9874913344415863,0.983226266952177,0.9772969137992196,0.9802526240882405,0.9775268102622926,0.9998145886214077
